"","ABCO.Volume","ADUS.Volume","ADVM.Volume","AERI.Volume","AEZS.Volume","AIRT.Volume","ALCO.Volume","ALDX.Volume","AMCC.Volume","APDN.Volume","APPF.Volume","AROW.Volume","ARTX.Volume","ASBB.Volume","ASRV.Volume","ATAX.Volume","ATLO.Volume","ATRI.Volume","AVGR.Volume","AXSM.Volume","AXTI.Volume","AYA.Volume","BCOV.Volume","BDSI.Volume","BHBK.Volume","BJRI.Volume","BLBD.Volume","BOOM.Volume","BPFH.Volume","BVSN.Volume","BYBK.Volume","CALM.Volume","CARB.Volume","CCOI.Volume","CDNA.Volume","CDTX.Volume","CEMP.Volume","CFFI.Volume","CFRX.Volume","CGIX.Volume","CHDN.Volume","CHKE.Volume","CHMA.Volume","CHRS.Volume","CLCD.Volume","CLRO.Volume","CLWT.Volume","CMFN.Volume","CNFR.Volume","CONN.Volume","COVS.Volume","CPLA.Volume","CPSI.Volume","CRAY.Volume","CRVL.Volume","CRWS.Volume","CTBI.Volume","CUNB.Volume","CVLT.Volume","CWAY.Volume","CYAN.Volume","CYNO.Volume","CYRN.Volume","CYTK.Volume","DGICB.Volume","DGII.Volume","DMRC.Volume","DMTX.Volume","DRWI.Volume","DXYN.Volume","EACQ.Volume","EAGL.Volume","EBSB.Volume","EGBN.Volume","EIGR.Volume","ENFC.Volume","ENOC.Volume","ENTG.Volume","ENZY.Volume","ESXB.Volume","EVOL.Volume","EXFO.Volume","EXPO.Volume","EZPW.Volume","FARM.Volume","FFIN.Volume","FISI.Volume","FLWS.Volume","FMNB.Volume","FNGN.Volume","FONR.Volume","FORM.Volume","FRP.Volume","FUNC.Volume","FVE.Volume","GIFI.Volume","GLDD.Volume","GLRE.Volume","GPP.Volume","HA.Volume","HAFC.Volume","HBHC.Volume","HBK.Volume","HNH.Volume","HTBI.Volume","HWAY.Volume","IBCP.Volume","IBOC.Volume","ICUI.Volume","IOTS.Volume","ITRI.Volume","IXYS.Volume","JIVE.Volume","JTPY.Volume","KEQU.Volume","LABL.Volume","LCNB.Volume","LMRK.Volume","LOGM.Volume","LPSN.Volume","MATW.Volume","MDCA.Volume","MEOH.Volume","MFSF.Volume","MGEE.Volume","MGLN.Volume","MITK.Volume","MLHR.Volume","MMLP.Volume","MNTA.Volume","MSON.Volume","MTRX.Volume","MTSC.Volume","NBN.Volume","NCOM.Volume","NEOS.Volume","NTIC.Volume","NVCR.Volume","NVEE.Volume","OLED.Volume","OLLI.Volume","ONB.Volume","ORRF.Volume","OVBC.Volume","PAAC.Volume","PCMI.Volume","PCYO.Volume","PERF.Volume","PESI.Volume","PFBX.Volume","PICO.Volume","PKOH.Volume","PNFP.Volume","PNRG.Volume","PNTR.Volume","PRTO.Volume","RECN.Volume","REGI.Volume","RGLS.Volume","ROCK.Volume","RTIX.Volume","RXDX.Volume","SAL.Volume","SCMP.Volume","SEDG.Volume","SFBC.Volume","SGRY.Volume","SHOO.Volume","SIGM.Volume","SNFCA.Volume","SPOK.Volume","SRNE.Volume","SSB.Volume","SSBI.Volume","SSFN.Volume","STML.Volume","STMP.Volume","STRT.Volume","SVBI.Volume","SYBT.Volume","SYUT.Volume","TAST.Volume","TBK.Volume","TCX.Volume","TGTX.Volume","TREE.Volume","TRS.Volume","TTNP.Volume","TWMC.Volume","ULH.Volume","USAT.Volume","USCR.Volume","VASC.Volume","VDSI.Volume","WDFC.Volume","WNEB.Volume","WSCI.Volume","XELB.Volume","XXIA.Volume"
"2016-09-19",116600,72700,110000,2542000,72900,1000,8100,58100,395000,78600,20400,27700,58500,400,5500,201500,1100,12600,205500,23100,503500,49500,262000,443400,87100,234800,54100,49300,289500,6200,25400,376500,243900,253000,5500,72500,718200,4600,221800,134300,77100,65600,35400,448700,1612100,8500,21300,38100,5800,871400,30200,67200,257500,360000,47700,500,17700,21900,354200,0,5100,184200,50800,260900,200,55000,57000,237700,11800,56200,100,1e+05,95900,76600,36000,4300,108200,376800,27800,10400,35100,9900,54800,635000,82000,90000,11600,213300,73400,231500,57600,293000,72800,7200,122000,38700,120900,50900,56600,553100,71000,870900,0,9800,14500,684100,41200,102500,59500,29100,386500,69300,184100,700,37600,71300,17200,35400,348600,199400,106500,438500,552800,3500,71200,219100,280000,257000,165300,361900,32300,122400,76000,6100,35300,154900,100,263700,134700,564800,707500,579300,17400,1600,0,157000,10900,2300,12000,16000,632900,33800,161400,0,16600,26400,187400,329400,537000,173300,96500,325100,1700,360600,1337900,0,166900,203800,480500,22700,75500,434500,93500,3500,4500,207400,403300,8500,500,44000,11900,388900,27000,31600,432400,502200,192200,359300,44500,3300,626100,502500,54300,107900,62000,22700,2200,11400,195100
"2016-09-20",155700,30800,214000,4341200,124700,0,12500,105200,290800,30500,19000,25400,407800,1200,1900,189000,1000,10300,235200,113000,250300,80900,387200,682800,32000,216200,491000,101600,267600,5400,11200,222100,271600,231100,9200,52400,833100,600,30700,132900,75400,62200,39200,592000,1656000,0,13400,58500,4500,603500,23100,37400,484900,312400,32500,6000,10800,15600,221400,1300,1000,259400,36900,304100,0,74600,42700,39500,22800,8300,2400,0,82500,62700,25100,100,67000,447300,8500,0,54200,5400,51300,350700,134100,79400,15500,148300,19200,194100,23800,600100,90800,3700,13000,58000,149300,61600,73700,372500,150000,472200,1300,2900,10700,1629000,36300,111400,129600,22400,186200,28600,62200,7200,5200,75400,11700,20900,259200,196600,101500,434400,834900,3000,68000,199600,185300,1224900,87100,444700,22100,116200,73000,2100,44400,209800,0,114200,56500,400500,938200,385000,7100,700,0,154900,26000,0,5900,12200,111700,44500,162500,100,18100,37000,90100,206300,532100,278200,65100,361600,2100,221800,693400,400,163100,180800,936300,2600,65100,662700,48600,600,1300,141900,429000,4300,3700,27600,16000,167400,28700,26500,441300,359900,115600,416000,2000,3700,515800,799100,81900,123800,85500,15400,10300,16700,231500
"2016-09-21",310500,45500,159100,3351400,119500,300,12300,46500,312200,15800,17900,29100,250200,0,2900,102200,2700,10900,176100,59500,820600,139700,329200,399200,54000,277000,59600,92600,377500,1500,9000,344100,375400,242500,444300,105000,734300,6400,13400,62300,62000,17900,79000,391000,1489400,8600,46500,54900,300,5527100,25700,85200,223600,480800,49900,3300,15900,19900,343800,0,2000,260100,27100,233100,0,119500,54100,199800,10700,12200,2300,2500,69500,102000,13300,400,67000,290000,3300,7900,50600,2700,69200,365300,157900,163600,21100,121400,47700,204800,38100,407200,119700,1000,67100,42600,87300,73900,44100,388100,181400,609600,1100,2200,19000,441300,43700,112200,84800,42900,224200,43600,70100,25100,4800,149500,10300,23400,224600,278200,132300,891400,1308500,1400,58200,226700,260800,834800,169800,508700,23800,115300,116500,0,44100,227700,0,128200,45500,397700,916600,676800,11200,600,5000,185300,153600,700,22400,4000,173000,22300,158400,0,12800,8500,99700,764900,369500,295000,105500,246700,1600,161100,673500,0,82000,222700,747800,1600,98800,515700,90000,27300,300,129300,440300,4100,2900,39900,24500,363300,22600,44300,318600,367000,756900,256000,51100,5400,542400,647900,83700,194700,143200,20400,11300,1700,310400
"2016-09-22",313700,60600,93900,1991200,137600,2100,4200,21200,220800,25900,26700,14900,118600,0,13300,93000,2800,3900,298100,52400,405300,46400,426700,551600,57700,303100,61900,40500,521400,1300,5900,450100,322600,321900,121400,40600,769400,3100,64800,49900,73500,20400,51300,288800,878400,5300,31800,20400,25500,1439600,23900,59700,192000,790500,54100,5300,35600,27700,478800,500,30600,190500,30100,227200,0,78500,46100,76700,14000,47300,100,0,129900,158700,20400,300,100300,354900,38600,4800,68500,51100,90900,643700,156300,192300,30300,140100,64600,194600,36700,1188800,54700,3500,80400,37300,191600,60600,81100,489400,131200,719200,3200,6100,31600,627500,68800,175400,96300,29900,246400,58800,340700,13100,6500,113600,18700,20300,506600,267400,161900,714200,785900,16700,52800,168700,297300,2225000,102200,566700,8400,101200,75000,12900,36400,285200,6600,310500,109900,486400,666600,730900,6200,800,3000,152400,62600,0,27500,100,99900,28700,308400,0,20300,173400,99300,298600,375000,166800,138200,140100,2100,372400,766700,0,83300,570100,358100,7300,161700,409500,80000,12200,5300,109000,903100,29300,2100,83600,93700,435600,43100,59600,241100,370900,129300,132100,10300,62700,534200,628100,201100,201100,97300,21200,11400,5900,431900
"2016-09-23",261500,113200,337400,1159500,58800,1100,6600,97200,305500,34300,12300,28800,94800,0,2000,127800,2700,5200,269500,13100,167300,101200,305700,1988200,92600,399300,37200,15800,352200,300,3700,533400,616500,220200,16600,56800,903300,1000,66800,45100,56700,7100,723200,196800,784900,200,3200,21500,43500,756100,36300,45800,123000,1671900,46600,4400,15000,24600,372100,2500,200,252200,11700,279800,100,72600,38600,40600,9100,25600,500,0,68200,70500,12100,300,570600,293400,20500,1600,47200,3100,81100,472900,174700,139200,12500,1e+05,48300,182500,26300,388500,220500,11400,37800,15800,83400,64800,63400,536200,62100,594600,2100,8000,15000,291600,64100,107800,89700,26100,255900,44300,213900,6400,7100,144900,12100,17000,205600,199300,111000,424900,1022200,3500,57300,126800,195000,1131300,73400,379300,15800,136600,47300,300,26000,205900,0,155100,30000,679300,988800,796800,7100,2000,0,144200,234500,0,1200,700,124800,42200,164900,0,16800,39600,97600,1118500,358000,111400,76600,153900,1600,211800,1052000,0,64600,382100,242400,4700,92700,198900,89200,2000,500,104500,366000,13600,1400,33900,51700,338700,16100,211200,245000,307400,128500,257600,9600,20100,327500,332600,84100,169100,63200,14400,7600,7200,192400
"2016-09-26",224300,68900,141100,945200,113800,200,2500,124900,191400,30200,14000,26000,70800,1200,21300,124800,5200,9300,262200,14500,116900,50600,139300,519900,37100,154200,36500,46900,388300,200,12700,1613800,330500,209600,57200,45900,593500,2000,120400,350100,97400,44200,812200,265200,563400,20800,21800,9500,17500,1110200,15700,52400,109300,544500,36400,4100,16800,31800,324100,400,500,203500,40000,228800,300,45500,54900,26100,71300,44300,0,2000,76000,135600,25500,200,120500,425100,29700,1400,59800,2500,50900,412200,143600,113700,50900,110800,56700,160600,43800,300800,88000,16000,35900,22900,329000,77300,35600,529200,123800,542300,0,5500,20300,482800,74100,115200,80800,51800,287300,50100,90900,200,5500,112400,7700,10000,268400,188100,98700,285800,545100,7200,74100,231400,207300,833500,83700,311100,32200,143900,68400,5900,24000,264000,200,173700,20400,424100,478900,838100,21300,0,0,152400,35400,0,12900,200,64700,93500,143800,0,38100,29300,102800,975400,285500,120700,88500,123200,700,257900,675800,400,79000,401700,252500,10400,107200,165600,78600,700,2800,82000,372300,8400,1700,43700,31800,416400,15300,299600,214500,324900,356400,83600,22700,15000,333300,538500,82500,238400,61400,31700,33700,6000,207600
"2016-09-27",166100,44100,186200,1812700,75500,0,4000,50700,203100,34200,13200,26700,138500,7200,500,183800,8200,4200,630300,48400,152700,116800,188700,839300,42100,400800,24900,27900,266700,4300,78500,942600,262900,299000,28100,31000,1279000,1800,571500,227900,109300,29700,394400,495700,448500,2200,31600,41400,29500,769200,46800,51200,135100,464700,42200,2100,20500,20800,504800,6300,1600,201800,16400,308800,0,65600,43900,23200,22700,26800,600,0,50400,133800,17000,1900,212000,660900,37700,25600,48500,1000,73600,351000,61400,140400,26900,163900,135000,139000,25700,463800,254400,9500,95400,27500,128500,75000,47400,833300,80300,489100,17300,3100,17200,282000,152800,91200,103900,45100,286000,78600,89300,5000,6400,76700,4800,18000,360400,283600,179900,1272000,1553600,3400,118900,120100,242300,590400,94400,319200,900,93800,60800,2400,41400,130300,1800,197200,18600,438600,409600,554700,30000,500,0,269500,38300,3400,5900,6100,71100,50700,217100,200,7700,23400,101200,277000,418100,131300,50800,85900,800,287100,578500,1300,54700,225200,348300,20800,85400,201000,37900,10400,8100,114100,266600,18700,3800,46900,32300,329200,11500,138600,237200,253200,1010400,96000,1000,11900,262200,646800,87300,298700,131600,19800,700,4000,383600
"2016-09-28",256900,147000,120300,1055100,139200,1100,15400,58000,235900,14100,12700,15200,86000,1800,2100,101300,9500,11400,397900,45600,257000,91300,339400,1218600,36400,571500,27200,79800,386900,3100,41100,1067400,221800,227500,50100,33200,1049200,4900,230100,127700,54600,41900,196300,385000,526500,5200,25100,41500,9000,903400,23800,59600,258500,242800,32500,3000,26700,17500,223400,400,1200,139000,13200,401200,0,97300,125900,26400,39300,18300,1200,13900,66500,141700,14200,5300,121400,685900,26600,9100,38400,2100,44200,909500,111800,127300,33000,77100,38000,146100,18700,439600,64600,22500,79700,15700,130600,56100,55900,1107500,118500,436400,1500,3400,19200,740400,75300,90900,150900,7200,433400,296100,89800,400,6000,102200,15200,26600,601900,261900,115500,858600,1934000,6400,75100,122900,750300,526300,119900,332500,23600,285200,70200,61200,16800,160200,16000,163900,57500,487200,453300,1188300,13900,2200,226900,149500,71200,300,22800,500,74700,54100,289100,200,7100,16600,91900,286500,434500,110100,213300,86300,2100,244000,889200,100,116700,258600,393600,59700,50700,152200,64000,1400,19800,236400,308800,10000,2000,55400,18800,180100,12900,344200,283800,385500,397200,97300,1700,41200,318300,501400,53400,165300,109800,26800,70700,5900,345100
"2016-09-29",293800,47300,147400,1066900,86200,1000,4500,31300,322800,37400,17300,18700,1e+06,900,13000,80100,1900,15700,201000,47500,217900,262900,197500,1033300,83500,520800,33400,26400,354700,2400,12600,984300,220300,251000,28100,57200,1505800,4600,76800,92600,202400,23600,125300,630500,465400,0,15300,40100,6500,942200,20300,47200,126400,524200,23700,9600,17000,12100,216900,4900,300,191900,20600,592400,200,80400,49700,213400,25800,20300,10800,5600,47500,158000,8400,6100,261100,355000,35200,600,26800,654100,61300,1052700,47000,94100,19600,179800,63300,134600,33400,385700,93700,11300,25900,21600,73300,71800,36000,507300,81700,401900,3200,11100,13700,623500,90400,97400,101200,23700,226200,43900,128500,19600,1900,55100,10800,11800,144600,148600,75600,1987600,1460500,1300,62200,106000,268800,378600,91700,383600,5500,163500,49300,64600,26800,128200,7100,224000,31300,1035500,623200,1183000,7500,1500,2000,183000,31900,100,2100,0,77200,36800,222600,800,600,19700,46200,414500,417200,124800,75000,135200,2400,255600,1533300,700,34600,270500,244400,10600,50500,211900,77700,2700,11000,212600,287000,3000,1700,54700,20800,255600,20500,173500,230000,353100,126600,92700,1300,17300,405300,454200,70300,191500,53800,43500,1900,29000,471700
"2016-09-30",172400,76700,188300,733300,45000,0,9100,54100,633200,27100,17300,30400,254000,1400,2500,186100,8200,13800,252800,34200,494300,169400,222100,812400,74200,546300,30600,27900,420000,34800,5400,1068800,505100,315500,41100,22700,1651800,4000,70400,131900,194500,66500,354900,264600,768600,4700,7500,34000,32700,807200,53800,55900,199300,350300,49700,1800,27700,56500,341800,1500,0,210500,34600,665300,0,121200,67200,291500,9200,28800,1400,1100,116600,92000,73300,1000,160300,353600,58000,5500,88300,8900,119200,1083000,100200,199100,50300,123300,140800,180500,40200,350700,298100,3700,62300,19900,213500,109300,48200,526600,105200,545800,16600,12900,35600,930600,311800,169800,101900,134600,357300,123900,154300,39500,8500,102300,10400,19100,281800,325700,91000,734800,1169600,7700,150600,165800,284600,482200,110200,345200,2500,175500,124000,15600,186300,155900,11000,298400,60500,2286300,642400,947600,14500,1600,100,221200,77600,0,500,1800,87700,75300,280000,0,400,9000,229500,398700,343300,181100,127400,234100,100,291500,637400,0,134900,245000,353000,4300,137900,422700,148900,2700,44900,181700,342800,23000,1100,51300,51000,235600,23200,76200,245200,382800,265900,131100,2500,10500,619900,563600,124400,261200,75500,30300,2300,17900,231600
"2016-10-03",208500,36000,175900,679100,85600,400,3300,64500,355600,22500,19000,20500,90800,2300,1200,73400,3300,15900,146900,86800,999200,53000,234700,308300,35100,299100,105000,66300,522400,28000,2000,1734700,313200,575400,8400,37400,1836900,3700,20500,117400,57000,143700,94700,492000,597400,9600,2600,21100,8000,444600,40700,57700,209300,259600,26200,9700,26800,43100,279200,10400,1300,249800,17900,363200,0,97700,41600,83200,9000,51300,0,300,62400,56100,53000,5700,65000,280400,11300,1400,39200,28100,63600,561200,46700,149800,37900,86500,43000,242600,24400,237200,113300,2500,2127300,21800,78300,148800,89700,767900,80900,515900,1100,3000,15000,302000,44200,88000,84700,115900,325600,43200,138700,38900,27900,87600,7800,20300,817100,198200,91000,474300,915900,6100,76500,166700,218100,542700,136400,522900,32900,117300,149700,29300,24000,141400,800,128400,30200,737800,579000,725100,7200,0,0,346800,19200,400,28600,1500,57900,45100,192400,0,4100,17400,439600,146100,316300,117300,54100,170400,100,165200,426100,1400,104900,318300,120900,1400,98700,553200,76100,2200,16300,87300,212600,12600,10900,47600,44000,327400,15500,118100,171700,239300,92000,54000,5900,3400,173100,845100,102600,247500,72900,9100,15800,16700,207300
"2016-10-04",124400,37600,144500,747100,116300,0,6600,31100,302300,56900,20300,17400,393900,3200,900,239200,2700,7700,320700,26800,338900,60200,499800,760200,46200,248100,33400,79900,381900,1700,11500,1436900,427400,445500,14300,70200,1075600,800,10300,128300,82000,132400,160100,351600,344900,3100,5900,19900,4200,760600,29700,68400,410300,217800,47500,11100,25700,21700,173000,400,1400,208900,25400,193800,100,59100,71600,38900,15900,21500,1000,2300,65300,51100,30200,6200,89200,224800,9900,13600,45300,27100,79600,390300,191400,127100,15100,113400,46800,173500,41100,267700,131900,1100,682600,17100,147100,115700,43300,1010300,75700,595300,3600,5700,10500,374700,45000,62200,86000,93000,398400,40100,97100,25100,9300,79900,9800,20500,525500,127600,64800,332000,839500,6700,80200,171400,232800,822800,145700,395600,4500,104700,84500,7100,58200,90200,1200,199300,25400,1131000,2786600,737300,11500,1700,0,375500,26400,300,54600,0,64900,30900,126600,0,88000,18000,95400,229700,194400,103900,129100,104500,1400,181200,471700,1600,127600,374300,188800,32700,46500,267300,54400,6500,7700,120600,305800,46500,21300,51500,32700,216700,12900,134200,105300,182600,194800,65700,32400,4300,234200,941300,108900,145800,84600,22600,31800,9000,179700
"2016-10-05",337200,32400,211500,658100,130000,300,5400,13500,621900,19500,16000,11000,725600,21200,13400,212100,2900,8400,240600,33900,424200,102800,389500,681600,31800,276100,103100,96300,711800,32000,3100,942300,336200,341700,14900,84400,1011600,300,46400,146700,71300,58800,1209900,191000,843200,500,0,50600,4500,486500,27400,74800,165000,278600,92900,4600,13300,14600,439800,9000,400,209700,3900,334400,0,57900,54900,67000,16100,37900,0,1000,34100,64100,49500,0,248200,314300,8300,900,7200,15100,84100,338600,101100,166000,21200,60500,29400,262500,197300,655300,186600,2200,354300,38300,361200,72700,52200,500500,116000,712100,2300,500,13700,311000,32700,124600,78700,84600,337100,54700,104700,18500,4400,75600,10900,25900,131100,124600,110500,568400,584400,1400,84100,126500,296900,944800,137300,327700,2900,122900,93800,16800,33200,101200,100,224100,31700,691800,7541300,699900,13700,3400,0,241500,22500,500,42100,400,102500,45000,194400,0,56700,14500,200700,475000,771100,82400,48700,134700,3200,177100,741100,200,64300,557500,177100,8500,50200,342400,106800,2000,5000,192500,217100,22400,100,52400,22300,228900,18100,160100,416100,269100,269200,153100,3000,24100,405800,618300,104300,228800,93900,7900,3300,8000,212400
"2016-10-06",289200,33700,163600,1167000,94400,0,8500,29600,219800,51300,13800,7100,1220900,0,1700,179600,2000,3400,212800,102200,693000,55000,237600,782500,116800,494300,71000,25800,211200,2200,10100,398900,332600,648200,11800,15500,948900,1500,38000,118100,51700,19000,244000,208500,223400,9600,1700,62900,1700,541800,15900,89700,138800,275100,38200,9300,20900,17500,488000,0,2700,242900,13400,282600,0,48000,82300,38600,23800,8400,300,200,51000,73700,15900,600,95800,586700,19900,3100,8200,12700,79000,220200,94600,110800,52100,67500,37100,257900,91500,234100,331000,2200,342000,9300,422100,101700,17300,287200,64500,473900,0,2400,12600,1023800,24100,74900,1206400,36100,230900,48400,107200,500,9600,101000,7900,19600,133500,108800,83000,344200,392300,1700,78100,222700,594400,621700,80000,261500,3200,156800,54800,14700,22500,92200,200,115400,38900,560700,1306900,421900,7200,1100,2600,124600,5300,600,500,6000,24200,39100,105400,0,34600,3700,869300,302500,439000,118600,48300,146000,0,160500,661500,3500,61600,634200,82700,23700,36000,155100,64700,5300,0,135200,150700,16300,12600,247100,16000,205100,24800,68100,280800,222000,156800,79900,5300,7000,400700,722500,173900,124200,56700,6300,400,2600,130800
"2016-10-07",145400,62300,88500,655200,74400,800,5700,21500,322500,22100,10800,11000,605000,0,10800,104100,4000,4300,244800,24300,405100,269200,161900,775200,72000,409300,20700,43900,449500,34600,1700,691300,514200,471700,34400,721100,1102500,1700,7600,86800,58900,22700,247600,459400,357000,1100,0,39200,0,321900,39400,43600,115500,333200,66200,7500,20500,178700,478800,0,7000,165400,10400,307300,0,50400,41300,47400,22300,3500,200,206100,95500,89400,15000,900,75300,945800,5100,2400,15100,11100,97200,476700,87500,225100,27000,95400,28100,134700,56200,190900,324900,14100,379400,15200,365100,45300,26400,907700,123900,735600,8900,4200,17900,705100,27100,99900,482300,68800,198800,48900,91000,3400,5100,96200,5300,8600,176200,99900,119500,1024000,623600,900,99100,168100,412900,633400,41300,325800,7000,129600,101800,10000,11600,141600,1800,149500,48800,676000,864100,683400,9700,700,0,167400,8600,2600,4400,0,45300,54600,210500,0,5800,9100,356200,229100,256800,157700,61900,104300,300,252000,1393300,5500,64000,619200,171500,3400,39300,234400,44400,1300,18900,527600,183200,16700,200,207900,79600,99400,14800,45100,398200,207800,151400,49900,6800,10700,457500,707900,90300,121200,128100,10400,7300,2900,274300
"2016-10-10",290900,51500,85100,568600,77600,0,4000,20700,203400,26200,26700,18800,1163300,700,500,144100,3300,4400,336500,28600,308700,312700,202200,436900,34800,302400,124300,94400,5e+05,22100,31900,368300,409900,494400,8000,118600,652300,2600,22400,51100,70400,73100,141500,353100,316000,200,2400,14500,5100,848300,17400,58800,112100,322900,53200,9400,22500,31300,188400,2200,3800,121600,12000,226700,0,75600,53000,35600,21000,23400,0,100,54900,139900,16300,300,63600,515100,4200,2700,21800,13200,77000,213300,153100,140800,11700,78400,42200,201500,40700,197000,323300,2100,135400,17000,276000,40900,43400,527700,94300,268400,29800,1300,17100,1252300,31500,93000,255300,21700,166200,35000,97900,3000,7000,77100,12900,24000,163300,130100,91600,428700,610200,1400,65300,164200,260900,424800,122400,483800,8300,105300,88300,2000,45600,79300,2800,153200,18300,347100,780200,401200,4700,1300,0,281700,2400,4200,1200,200,79400,23300,139500,200,5300,3000,249900,184300,280000,147900,101400,91400,1200,320100,1063800,8200,125600,303900,81100,116000,59100,140700,34300,1500,7100,295100,185800,4700,6000,53500,98100,126700,24100,47900,683000,264100,172000,121900,4000,2500,220700,474900,47500,161100,126200,12500,5300,5900,139800
"2016-10-11",271900,46000,109600,624000,178500,0,4300,16900,382700,50900,9500,12500,588500,20000,3300,102000,7800,5400,161800,18600,223900,692300,192300,821900,27400,345800,127300,26100,417500,3800,0,399100,1256200,419000,20200,75400,1017500,9500,24000,130600,105900,194300,146300,409600,160700,400,8300,71300,5100,631200,2900,54900,110100,348400,56300,6400,28800,20500,314400,200,1200,213100,5200,292600,0,78500,47900,42600,39800,33700,14000,300,97200,63500,12800,2500,149300,509200,4200,2400,9400,8000,75100,256000,42200,153300,19000,92800,38900,185500,18000,255600,225600,500,258600,17600,219400,71500,32100,798100,90500,407700,100,2700,10100,636000,36400,101000,204900,10600,243400,103200,290200,3000,4900,72100,8900,7200,197600,100800,105100,419800,704000,2200,126700,215300,321900,338200,72100,1529400,1900,104300,105400,9300,22800,111400,2000,157800,31200,1633600,738300,518100,3700,3000,0,288200,20300,7300,900,2000,84500,22200,130700,0,6600,26000,620600,190400,509500,144700,107800,140400,1600,346900,460600,0,78100,300500,174100,33500,46800,234500,54200,7400,7300,270900,273800,8500,0,147200,105400,137900,21900,61600,512800,389100,212700,75400,11200,13600,526700,625800,76400,149700,111000,12000,12700,700,298400
"2016-10-12",243200,38300,148800,741700,1339500,1200,1600,19900,348800,52400,9100,11900,424600,300,6100,81700,2700,7000,235800,23600,261600,177800,139000,455300,18300,171800,89300,48600,378100,0,30000,363000,505300,219600,6400,67500,888700,2700,12000,117900,147000,176200,65900,320000,441100,8200,8700,30000,0,746300,18300,80700,88900,206200,59200,1400,15800,21800,275700,0,28700,84400,4700,282500,0,85400,23000,38100,87100,29800,15500,0,27000,81700,23800,600,66900,391900,2000,3300,27400,111200,86800,351900,71300,171600,52100,46300,43500,83500,36400,214800,264900,2000,238300,24900,108500,50300,29700,570300,76800,291300,0,2800,22700,618400,82300,65800,431100,77800,216600,44700,110500,2000,200,62000,6000,7000,149600,121600,55800,351200,494900,3100,50000,154400,262900,464500,116900,761800,9900,95500,83100,800,34100,80900,2700,185300,38200,702500,441600,581200,2800,1500,0,254800,5200,8100,400,1600,52600,42900,119500,100,1400,9500,272300,114500,356100,164700,128500,112500,3800,254900,1019800,500,134700,122300,127500,21700,38300,264000,51500,3600,2700,242900,164700,32500,100,114400,77600,139000,24400,91400,306000,198100,111600,128900,8300,3400,237500,445200,31700,153600,143300,17700,2700,2600,171700
"2016-10-13",168700,20700,154300,556500,4879900,1300,1800,12900,245900,26700,13700,17800,261400,3200,4400,107900,5300,3700,133600,44500,417600,458800,877500,817500,50800,202200,50600,49100,415500,0,22700,385500,317400,208600,7900,84900,842800,7000,12200,175200,50600,67200,212300,242800,458600,300,3700,18600,1800,523400,8700,39400,108400,351200,97900,2800,19800,19800,436200,100,3100,177000,15600,184700,0,85200,36700,25200,116400,21700,125800,0,65800,103800,38300,1400,114700,368300,19100,9600,13300,87600,99000,381400,50000,204200,18200,79100,19800,175300,17800,427000,176600,700,1042600,22200,160700,76500,64600,744300,87000,590100,800,2500,8100,445900,38300,107400,226100,29600,312500,66100,139700,5300,0,47100,5600,30700,160500,164300,95700,410200,580000,1700,57700,139900,407500,571600,89900,558500,1400,147000,361000,200,50000,113600,8000,245500,16200,710400,479900,702000,4400,1000,900,138700,10000,100,2200,0,290100,25700,180500,2700,12600,26300,279800,211300,411100,186700,188000,76000,300,494800,1199300,1000,122100,277800,194300,40000,56300,149300,61700,600,0,217700,257400,28500,5700,73600,179300,130700,63000,88100,4844600,177000,156300,52500,300,34500,298100,525600,49500,127900,95400,7600,4200,400,283100
"2016-10-14",143800,44400,157500,518800,1176500,200,3500,48000,223900,38700,30400,12100,216300,0,10500,91800,3300,10000,459300,27600,230900,230000,176700,420400,41500,470500,37900,47900,326900,3500,33900,284100,306600,249100,19600,187700,592600,2600,25500,118900,78600,23000,126300,284500,574800,400,700,7100,8600,561100,14600,41300,83400,216000,65200,4200,16100,54700,343100,4600,6300,198100,9200,278700,0,128700,62100,23700,56200,34500,1400,400,65600,43700,43900,4800,94500,360200,7800,11400,19000,51700,72300,273600,33200,111200,22900,85400,54300,191300,19700,253000,114700,1300,836300,36600,275100,81000,30800,455800,295400,360500,14800,2800,13000,538800,27300,104700,185500,85000,263300,26900,110200,2300,6700,43500,4600,1158000,190900,126100,47000,471000,423300,6400,59100,100700,201300,681000,123300,477700,7700,70900,101800,400,7000,230900,10600,387700,37600,421800,627700,804100,3100,0,0,106500,12400,10200,53900,0,213000,24600,81400,0,63800,26300,89800,122400,590700,117900,351100,84300,0,241800,758900,6000,61000,235800,121000,14800,39800,254000,44300,0,300,270900,221500,7500,500,46900,148900,176400,39300,97000,1108800,168900,81500,371600,11700,2800,370500,593200,93900,128400,86500,11500,2200,5200,149100
"2016-10-17",222300,26500,193000,738600,359500,2700,1100,12700,532400,32400,20900,8800,132700,0,6700,58900,8000,11300,241100,29400,182800,137700,120000,503300,44500,447400,33100,19800,328200,1500,2200,394100,240000,199100,10300,39700,634500,3800,20300,176200,34300,62200,48300,273500,501500,800,12300,24300,7200,349500,33100,29500,143800,320800,57500,7000,7600,12800,328300,400,8500,174900,4300,265200,200,74300,20900,36900,59500,61200,300,1500,34800,41600,14700,12400,148800,339200,3500,2000,13400,59600,90900,188800,49500,80000,12200,133100,22200,184100,27900,185100,173500,300,343500,20200,163600,58500,28100,494900,115600,431100,5300,6400,13700,576600,27300,93400,198100,92300,177700,35800,104100,3500,16600,31400,10300,270300,115700,84700,54600,390200,704400,5000,63100,149800,147400,573500,72600,299700,900,105100,144100,34800,7900,169100,3000,191200,15200,463300,490300,413600,3600,5000,0,237100,10800,6600,15100,1200,176400,38500,83400,0,57900,16200,197900,140300,438000,130200,56000,92800,2000,352100,1031900,400,87300,201800,90700,18900,20400,322900,50800,1100,2400,294700,282400,7900,0,37900,98600,107700,18900,40300,686900,193000,66500,178800,41900,3700,125900,310900,63400,111900,52800,10700,1900,41800,204000
"2016-10-18",264100,32100,40900,551000,692700,500,2600,33700,279400,22000,10900,12500,485300,100,19200,101300,4000,6800,312400,27100,243500,1035400,152600,437600,53500,386200,41600,34000,344700,23900,700,334500,248600,409600,52600,43000,810200,400,2400,113500,65600,23400,48100,323100,393600,32700,15100,30000,400,536100,6900,51900,168900,234700,93700,9500,17300,10900,809200,0,500,218800,28800,156600,0,53400,50700,49600,27400,41800,3800,1100,37400,51100,19200,1300,47400,447000,3100,144600,19800,54900,259200,341300,33900,108800,12200,53400,22000,279100,20600,256400,94400,1400,154800,31200,123400,64200,27100,819200,336000,682100,2100,5100,7800,496100,31700,144200,269500,124900,195100,32000,65000,2600,6900,46800,6500,204800,274700,106900,96700,267300,515100,6600,66600,234800,181500,427800,75600,372000,3200,57900,85800,2300,16600,185100,8000,344700,21600,418700,687400,568000,36900,11100,0,263800,11700,10900,12000,100,82100,20300,166500,0,48400,3800,1117700,117300,300300,137700,99300,75300,1900,357100,1090900,0,84000,463500,126600,2400,44500,178100,58200,11800,0,210500,197400,10000,0,46100,44700,67900,18400,39800,580900,201100,175900,135100,39000,7800,123300,292000,50400,117400,92600,12600,16400,15000,152200
"2016-10-19",122300,20200,56800,645500,803000,600,10200,56600,374600,7700,18700,6400,295900,0,800,61700,3700,9400,262800,43200,207100,392600,135700,384400,40800,987000,14600,16700,595700,13200,2800,389700,529900,201700,17600,83900,677600,1200,78800,72200,61300,32000,20700,949300,279600,12000,18100,6900,42000,2476700,28100,45900,96500,440300,87000,800,26700,26000,1125300,200,2800,224300,8900,232800,100,111600,66600,42000,222300,93600,200,0,231100,65700,10500,0,221800,384400,11600,17100,20900,30800,173100,157900,38700,235300,18500,103100,24900,161400,20600,346900,108200,1800,539500,27300,297300,54300,69400,1400000,527600,712100,0,2100,15600,632000,47200,156200,122000,127100,169700,60200,90000,48800,5500,59400,18700,80000,228400,294500,62800,536200,621600,3200,43500,101100,199900,523300,97000,542700,5400,108200,137300,28000,14300,149000,26200,300200,33100,445000,493400,527200,8000,3200,0,106800,47200,2800,2900,7100,69600,55600,236100,0,31100,29000,411100,243000,436000,208300,84200,74700,1400,331800,978100,2100,77700,246200,233200,8900,37600,243400,84600,13100,6900,119300,389100,13500,500,51900,60000,66100,17700,41800,615000,217900,295500,148000,18600,76300,146100,344500,66900,2008400,130300,38700,50400,2700,147900
"2016-10-20",266000,27600,104800,420900,2827000,1100,1200,36000,296500,31600,15600,9000,141300,0,0,104400,3600,5600,159200,64300,168300,381800,141700,475200,21900,2823900,10800,22600,327000,1000,700,763600,384500,192200,2800,93100,818800,1000,22300,59500,42900,68100,73300,443000,122600,4100,12500,42500,1500,898700,9100,38100,117800,177700,36300,4300,20500,16100,377000,1900,1100,313900,29700,166600,0,58100,86400,25200,23869800,20100,0,146200,46700,92700,69800,0,79900,386800,12800,8400,15200,45000,603200,185100,37600,127000,16500,84200,21200,150900,22100,196900,92500,200,170800,19400,418000,51300,74700,771900,284200,621100,7000,13000,14700,669900,46000,105100,108300,57500,133300,40400,78800,16200,4600,61600,3300,70700,112600,346800,183600,826700,578000,2200,45800,193600,173200,473300,274000,468300,1200,81500,102400,38900,6600,82100,9200,200800,79700,247200,282900,534600,17200,1600,0,59500,37200,3500,28300,300,107800,72200,273400,0,23800,5300,576100,182300,466700,305300,82700,82700,800,251600,919600,500,141400,235700,193500,5600,31900,454000,48300,200,600,251500,275100,8900,0,27500,44900,171600,8300,121200,516000,203700,90000,218300,54100,81900,158500,356200,103200,569400,290000,8400,17500,13000,132400
"2016-10-21",187000,34300,393600,448700,1064500,600,2300,14500,233600,16100,5100,15800,182300,0,16100,84100,4900,12800,188600,24000,521400,182500,167000,296000,88900,802800,109400,21600,628600,28900,100,432700,793500,216500,7800,150500,734200,2000,54000,57900,56100,72200,22400,296100,170500,8400,22600,66400,8500,819200,77000,42500,134000,306900,146100,2600,24700,37000,413300,3100,9800,562000,5700,132800,1500,50800,29200,8100,7081200,97400,100,0,163200,120200,21000,75200,62200,367400,11500,2800,10600,47500,262000,158300,39500,252100,33000,339200,22000,140000,21800,196100,123600,200,330800,18700,163700,41300,86900,1094200,361600,329400,0,3500,24200,325300,15100,99900,90800,97000,111400,45300,80600,23200,0,38100,6400,54600,132400,2e+05,90800,670200,501100,5500,32400,124800,202300,395800,1233100,383700,4700,81400,58300,91200,12800,102800,2400,182900,65700,302800,375600,414300,4700,3300,0,103100,83500,31200,17800,100,67000,23400,329300,0,5600,8300,269900,326400,264300,169000,74800,199600,700,240500,938000,200,153200,360700,87200,4100,30900,160600,90300,2400,0,165500,659400,1200,3200,30900,21000,853600,19600,28200,693800,171700,143300,136100,61400,4500,111100,249600,54800,266200,142200,663800,7300,3900,237300
"2016-10-24",140200,29700,128700,317800,531400,3700,7000,76800,338900,26200,6700,16800,245100,0,1500,178900,2900,10000,252500,35700,446900,293300,232100,785900,83400,387300,22600,71600,654400,14100,5200,417200,515700,234700,13600,84500,1355700,17400,52900,110000,217000,17900,51900,189500,234600,3400,166200,25200,3100,505900,40300,39300,98400,322600,74300,5300,19900,42900,552600,600,900,317700,6400,223300,300,75700,22500,24900,4683100,28700,500,0,79700,73600,16900,28500,162800,758000,36700,29500,12300,18100,146400,225100,38100,173100,25300,100700,21400,177700,20100,178000,134700,3100,244700,53300,216400,49500,95300,1164200,224000,389800,1000,6800,6700,290500,22700,105000,94200,69800,146700,50400,79700,13300,3900,28500,15200,72300,190700,142400,67100,467400,681400,7500,43600,154300,224900,271700,220400,270200,8000,134900,115300,10600,28400,55000,1200,160900,50200,459200,308600,398900,7100,0,0,289800,91200,11900,8300,3400,102300,24200,289800,0,51600,20600,232800,297700,364000,162200,59300,154400,100,253600,869900,800,269100,235100,122200,9500,41500,220400,89900,2400,3100,190200,356200,80100,0,75600,62600,288200,23600,34200,369900,205200,128600,193600,27700,3800,108500,354000,155200,420400,92700,72700,7100,0,221700
"2016-10-25",139000,17000,271600,467100,507700,1400,3200,86900,452200,23800,7100,10700,123800,1300,1400,60900,2400,8000,195300,51900,301500,221300,217900,546400,68100,404200,26300,89600,505300,2800,20300,310100,299500,163000,14800,88000,703300,6400,140300,105700,91200,60500,59400,297400,189900,2200,28900,46400,2200,468500,7000,196100,91400,345900,63400,28400,20700,18700,1057500,400,4000,1841800,19500,279900,0,40200,31300,50500,836800,86000,100,1599400,58100,126200,9200,1500,113400,648900,35300,5800,4200,112700,172200,566500,57600,116300,23400,80800,38600,118700,29200,260100,125800,4500,150400,40000,264200,118800,57000,803700,162100,332200,0,2700,13200,194600,26500,101800,230000,118700,137900,17600,77600,1400,2500,46500,2700,73400,119600,80800,54200,674400,478100,6500,51200,79300,261800,299800,204300,291900,150000,112800,238000,3900,50900,84000,1000,238000,250300,366900,334400,392200,6300,8000,0,241000,41500,1100,18300,0,74800,16000,224000,0,2500,18400,234000,318800,316900,134700,3e+05,119200,300,127800,970600,3000,84500,404400,111700,10900,32500,290400,112400,14900,700,93400,434200,10900,2500,49000,48000,218400,31800,28500,486100,228000,85100,311100,10500,9500,100200,243000,233700,294800,80900,65000,1100,6900,133600
"2016-10-26",206600,39600,168400,432100,355800,10500,2800,72300,406800,34600,9000,11600,247400,0,1900,138600,3000,5000,246700,23300,470300,145700,229500,519100,243000,424500,18900,42700,423300,6000,200,224400,352400,184800,1500,58800,1103100,7400,12500,66400,53100,41900,50900,286800,187400,3700,38100,53500,100,419600,67200,315500,249900,237800,64000,14300,17400,20100,473200,4000,600,1402700,17000,217800,0,45000,32200,71000,728100,31400,100,0,509200,60200,16400,2800,268200,1028300,1400,180000,7100,35000,182000,690100,68300,135300,26700,105800,26200,188900,27500,239100,131800,3600,212900,45500,175700,263100,81400,919900,199600,383400,8800,5800,14100,520700,34800,53300,280700,59400,125100,51400,73600,5800,0,69500,11500,86300,154000,101900,61100,379200,579600,2700,62200,118500,209100,307200,217300,341600,23500,88000,66600,600,113400,41900,400,207200,97300,556700,435500,580500,3300,1200,0,237600,28900,17500,15500,0,37900,56700,270100,0,4100,157800,311400,382400,235800,289500,216000,142800,0,167600,814300,3400,267000,547900,92200,6600,47600,188500,204700,500,2400,180900,332800,11500,0,54300,111600,153100,29600,38800,352100,565600,157000,226800,23500,9300,124000,242500,124100,244400,90600,38200,30500,7200,159600
"2016-10-27",140000,38400,136700,936200,771600,1000,5500,58800,407400,31400,12400,14900,254400,0,600,65900,2900,1900,178500,23700,883000,225900,196200,574300,125900,440000,35700,74500,479300,8000,800,265800,346800,444100,5800,90000,1670500,9400,41700,35800,88700,31100,40200,271900,113600,1200,1300,15700,900,474400,14500,310100,219600,222700,117900,4000,23700,12800,430600,100,300,712500,5500,320600,0,86300,25500,108400,505800,37400,0,56000,305600,48700,7000,27300,138200,1128300,16800,76200,27100,19200,197400,672700,53700,121600,17700,89500,24800,237300,39400,459800,218800,12300,180800,20500,256200,53700,74000,755000,153700,409600,500,2300,21500,650000,38900,128100,310900,63300,111900,41400,56100,3400,1700,118100,8900,54600,361600,133300,80300,1563300,808700,7900,72300,107400,534200,221000,291600,265700,52600,124100,45300,5400,82300,91400,900,186800,357000,435800,487000,513400,5300,1400,0,1045200,28100,500,1700,2900,74000,31300,189100,0,700,62600,227300,289800,260000,410800,194800,107900,2100,208700,926900,1700,268500,374600,175500,7900,42100,216500,45200,5700,100,171400,270700,8300,300,99900,99600,182100,26200,32500,441900,2067800,287200,122900,9700,94200,237300,261000,109300,263100,151000,21900,9600,0,277200
"2016-10-28",165700,28000,124300,1114100,219800,2500,7000,82900,2409600,60500,12400,8500,292600,1800,2100,88000,2000,1500,261300,32300,287900,107400,186800,457200,94200,659400,25500,91400,289800,10600,0,405400,221400,267900,3300,118300,5962700,7700,34000,91100,196400,27000,160700,355300,139100,3100,2200,11600,7400,403100,47600,206600,160500,405300,53900,17800,24900,11900,527200,1300,1100,393100,7100,1386700,0,301800,51500,127800,794800,16900,1800,2500,118300,67700,17300,5200,60200,511100,2600,47500,31200,135300,133700,474400,35700,119000,21700,103000,49000,207500,19600,1055300,131200,3100,654000,30600,264400,57600,73000,669600,445300,269100,100,2400,9100,359800,38200,80900,150200,118900,120300,51300,82800,12900,4300,71800,5700,54700,895200,97100,54900,1013100,875200,900,78900,134500,992600,172600,176800,455500,6700,77200,99200,3100,32600,84600,500,266100,77800,553600,594700,1426800,88400,2200,0,501100,8700,8100,25400,500,66800,25300,167400,0,25500,53700,209100,539500,333100,232100,130100,159400,400,248500,1047700,6100,117300,520800,255600,7400,42200,324100,60900,2200,1000,128500,549300,14500,0,51600,72900,129100,17000,45100,514700,560700,189900,114900,9600,12100,157500,293000,96600,586500,93000,22800,3100,0,164600
"2016-10-31",188000,36600,100800,452300,136100,1600,3800,15600,1552500,57400,7500,12000,201700,800,3400,169400,7300,3500,212800,33900,393600,375400,537600,520600,54300,443000,28300,54100,504500,2100,0,396900,313100,369500,1600,237400,1748300,4300,103400,334200,136300,20800,61000,382400,149000,2400,0,24200,2500,282600,19600,152700,138600,365900,62900,2800,32400,17300,485400,3400,3000,207000,2100,310800,0,197300,42300,157800,411100,31700,4000,1200,187600,112100,5200,200,77700,615800,18200,17900,30300,36000,228700,533400,33700,223800,40100,118000,60800,222400,23500,733000,96000,2200,141900,50800,343600,66500,88200,663000,467100,768600,0,7400,21200,568600,55500,156700,103300,16800,189000,117500,194200,3600,900,64000,13500,100900,447700,225100,110500,474000,602800,5400,127300,217700,691900,228300,285600,371800,19600,134200,121900,8900,17700,71600,8000,271800,34700,590800,373300,1516600,9100,2300,4100,284200,6700,9000,32200,100,55100,18600,220500,800,19100,18900,284900,363800,182400,249700,272200,89400,600,258000,657500,1300,107800,859700,219200,11100,96800,254600,133600,1500,2000,113800,536300,8400,1800,42500,75800,126800,27900,68300,303000,302500,271200,80200,11600,14500,223300,456800,162900,371300,87100,578900,3500,5400,259100
"2016-11-01",250700,42200,70700,555200,205300,200,12600,17700,438500,43600,19300,16600,177400,14500,13300,232700,4000,6300,115300,41800,204200,187700,408200,1083200,180200,371600,35800,42400,453600,2600,0,372800,308700,339400,1600,140700,1535600,9400,127300,125400,97300,14900,125200,279200,246600,2300,1000,34200,600,343600,43500,152400,180900,555800,162600,7000,19100,49500,420000,0,8600,402400,19500,245600,0,197500,75400,85700,298500,22900,100,0,221100,50400,9300,1600,170700,661400,3900,700,52000,27700,152500,304800,46000,166100,18800,116500,34100,299300,72000,461900,511300,7700,161000,62300,175500,76600,61600,704000,237800,399300,0,2600,23600,434000,62600,109700,135700,80800,238200,114800,253300,2400,900,65200,7300,84300,439800,125200,102200,1154000,680300,3400,65600,175700,239200,389200,176900,447600,25100,97900,101900,300,26200,56300,2600,449100,46200,665800,425100,1142400,6900,4300,0,147700,12700,1700,22400,1200,68500,16800,202000,0,14300,19700,276700,1003600,184400,224500,121500,159500,0,204500,629900,0,109700,1172700,121900,200,61700,283300,80200,500,4800,91400,537500,11800,0,58000,68800,157300,37500,101600,422800,327700,194400,104500,9400,15200,113300,453500,75800,241800,115900,51600,7200,0,427600
"2016-11-02",1312400,52200,94800,590500,174500,0,6800,6900,469700,114400,12400,19200,260900,2300,5500,77300,3400,2100,96100,42000,338500,262200,717400,1017400,71100,468200,26400,28800,308500,13200,1400,247200,344000,563400,300,65600,20785500,4200,184400,188800,113700,20400,64000,380200,207200,800,100,59400,3700,395300,43400,155700,174900,316000,63400,10200,13400,12800,351100,0,200,295000,2700,287200,0,148600,60600,24900,135400,13000,0,200,175800,71400,9100,400,199900,437200,6200,1200,29200,26400,139400,344100,26600,225300,18600,302800,52600,329700,28000,204500,573400,500,325700,23000,354700,79400,90300,631200,159100,397900,900,23600,16100,2659300,71000,123400,106800,46400,210800,51200,346600,2500,900,51700,6900,106100,352600,164800,86000,642800,969200,7000,64800,138900,297800,369600,587600,296400,45700,68700,111000,4400,12800,87900,300,1373100,47300,436900,413500,485100,6400,1900,0,109700,18100,200,9400,0,55200,15200,183900,0,7000,50900,239500,441400,1023000,234900,178600,235900,800,577000,975900,200,142300,903300,95300,2300,125600,358900,53800,12700,500,98800,359900,13800,2100,39900,4142600,153700,17000,85800,287000,355400,147300,86000,700,15200,635900,569000,55700,235600,89600,66900,4600,3700,931500
"2016-11-03",356000,27000,171400,723600,174300,900,2800,11300,412100,194400,19100,15900,564100,1000,29600,59300,2000,1700,99200,26700,224200,240600,1767300,375500,169400,320400,9900,47600,338200,3900,500,317600,484700,610400,200,63500,6674800,4200,125700,120200,84200,20200,91800,386800,217600,2900,5200,24300,13000,627400,43500,154300,395100,379600,34300,5800,21200,16800,256700,700,600,436100,14200,447700,0,75600,129700,34000,184500,41100,100,100,95900,43700,21600,2100,297200,424700,9600,8400,42300,18500,165100,185000,29800,137700,21600,243100,24600,681100,12300,311500,620000,800,149400,27900,319900,107000,53100,452400,135900,383400,500,8200,13800,915700,38400,83800,82200,96100,1425300,67900,213300,3100,2400,39200,10900,154100,216200,141500,59600,638700,549200,2900,49200,95100,586100,437800,182700,542000,37900,162300,193600,6900,14100,75700,2500,507500,28000,939700,497400,688000,4900,400,0,112800,18200,3500,31300,0,36900,39000,123100,0,8700,32700,392000,790500,736700,286300,133300,349800,0,236900,973200,0,68800,699600,91900,10300,63800,280900,62000,1600,400,153700,499600,4700,10300,25400,61300,124000,14600,38500,514700,164200,82100,129100,1400,5400,315300,1059000,55100,304500,71000,75600,3900,8300,510300
"2016-11-04",593300,32100,167300,583100,203500,600,6900,13100,372700,125000,27400,12000,362200,800,2400,124800,6100,4100,252300,19700,982000,201500,1038600,448600,123700,506900,17500,94000,396700,2200,2100,759800,1127300,767000,3200,64600,0,2300,34600,90400,84300,16100,65400,270500,219000,6100,5100,32000,3500,601800,304400,84900,1130600,582200,53900,9700,30100,18500,425300,300,3000,548600,1600,234900,0,96600,70700,33100,146900,14800,0,0,90200,93700,10700,400,330900,523700,18500,5500,20700,11000,127700,204000,52500,166100,17900,325500,55500,498500,8100,323000,210100,400,592900,41600,1075700,77900,39000,577800,237500,560800,0,2100,16400,1046100,83400,104600,84400,32800,462500,69800,185600,1600,3200,55600,5700,60400,232000,142700,80800,22846100,738400,3000,65500,142400,656200,355200,204000,354200,54600,126500,68200,3500,11000,124400,6000,363900,40800,979200,369400,649500,7300,2600,2000,82500,67300,8400,11200,0,42500,34600,167000,0,7400,55300,236700,591000,731300,377700,161600,330500,800,200200,573800,0,99000,570300,107100,2200,53000,266700,67100,200,400,107000,1690300,22400,400,71000,348100,310000,17500,57700,298200,250000,188500,95800,1000,11700,186300,555300,77700,237300,88200,45100,3000,3000,443900
"2016-11-07",877700,28700,57900,707800,176900,500,3500,39400,272500,48900,15500,12600,196600,0,5200,314200,4700,4700,192500,38500,355800,170000,530100,703400,123600,307600,31900,81500,365500,4900,6400,299500,516000,551800,5500,71800,13631100,2800,14700,139600,113900,18500,106200,2409700,127900,4900,4000,12200,6100,300300,90700,113300,501200,597900,53700,4900,24500,18400,346700,4100,5000,243100,7400,240800,0,110100,57500,39800,271200,7500,400,100,117600,97400,14100,2300,182200,460900,50700,3000,20000,15500,150000,494700,29300,214400,54700,269000,130600,349700,15000,397100,287800,2400,1082200,95900,1176200,94600,55800,639500,202200,607000,300,7100,25300,1166800,49400,137500,89400,253100,365300,70800,197400,6300,8700,75100,15000,46700,237200,200300,112400,6789700,325100,2900,70700,143900,530600,541800,159400,502500,42500,190800,56100,42600,18800,137200,100,502200,57700,557400,681600,710500,15700,2800,2e+05,201100,13300,500,2200,1200,30500,29500,187600,0,13900,51300,295200,442500,240100,236200,187000,110700,4100,287200,787100,0,142700,341700,103400,16500,70200,241000,98300,2800,1300,124600,651400,9200,7100,42000,261100,288400,36400,41900,460600,183200,372000,91600,10100,10400,267300,419700,82400,280700,102800,47700,36600,1900,671100
"2016-11-08",616400,187100,107600,544000,695500,3300,4800,27200,245200,24500,25200,6800,1775200,0,4200,99100,7500,6900,128100,24200,266400,130200,355800,286200,69600,231100,9300,31400,298900,500,8100,197300,606800,635400,900,51600,7827700,2000,98600,82500,59400,9100,28300,881100,113000,5800,1300,20600,500,323000,34300,98700,391100,2102500,38600,3400,19600,15100,272100,900,2200,326200,3400,187900,400,67800,71000,164200,116300,7600,0,100,93600,66900,11100,1800,319000,223300,21800,4800,10700,32300,89500,250600,105000,107100,17500,279900,62600,295300,45000,422100,245600,3100,1761500,58200,1024300,77300,57000,552800,169900,487600,0,3500,22600,1084400,42700,72000,95300,144900,312500,34300,114500,6200,2800,73300,5500,46200,230900,273100,57500,5394900,323400,3200,67000,155400,326600,318000,217400,476300,21800,277500,83000,15100,14800,71500,0,347400,51600,459500,285600,421100,4300,1000,100,122600,19100,600,8700,800,73200,42300,138600,300,18500,16600,181700,459500,284800,267400,87500,116900,800,252800,821500,400,256800,335900,309500,3800,40500,358500,53900,1700,3600,112200,310700,40900,11000,53200,179100,1581000,19800,183800,328300,211300,127000,129400,4000,4900,140400,295100,74500,172900,79700,30900,12300,5200,549500
"2016-11-09",450500,173200,415700,918600,1074800,2400,8000,23800,567100,46800,24700,33300,956300,600,3800,226500,12900,3500,104400,83100,242700,162000,384600,965000,136200,551200,34300,75100,821100,2700,31500,271700,514700,619800,7500,70500,3877100,13900,23300,219100,116300,12700,76700,727700,324200,5100,1400,17700,7900,587000,57200,249900,170600,740100,90700,17500,56900,52000,402100,3600,1400,346100,19900,704100,0,101100,77200,460100,145800,51300,0,0,344000,141500,26400,8300,252200,664700,16700,8900,84000,9100,193600,416600,55200,378600,90100,181400,173400,333600,38600,505600,183500,3200,227400,16500,913000,178300,162300,824500,257300,808900,4800,6700,37900,712800,127900,222800,180700,76900,329500,80000,281300,16800,3700,208000,13800,51200,291500,329900,115500,5849100,589200,19500,109700,371800,413400,501500,125300,1079100,15300,254700,90100,16800,37200,316300,2200,539600,257400,527800,521300,1803300,24400,700,0,106000,16500,400,6200,7100,109100,62100,435100,0,700,48300,313600,619200,487500,470400,132100,171000,1300,1417400,2449900,200,417000,631100,513100,15900,60700,353400,142700,800,400,204300,368300,10100,13700,86100,341200,563000,56700,51300,814000,256900,230200,333700,400,8300,608300,1272400,103200,231900,112900,205300,6900,5000,639900
"2016-11-10",632500,134900,209300,1271100,408500,700,8100,12000,5e+05,82900,27800,66300,404200,5000,24200,186800,27500,9100,156700,84800,221600,144500,330900,891800,199100,558500,53400,96000,1109900,0,43400,406200,1541500,649700,900,58500,2716500,11100,28500,332000,96300,21600,49000,1092700,458700,1000,5100,39200,11000,855800,30600,158100,208200,1118400,87500,25900,70500,129100,625800,13600,47600,479000,9600,443000,0,200600,99300,108200,62100,41800,9200,0,369000,181800,24000,23100,241200,752200,2800,6200,38400,47100,159400,772200,56400,461000,68000,152700,228700,603400,123900,398800,174600,14300,218800,69400,536800,391600,77400,784900,383100,865400,8200,9500,67600,732800,122300,291500,329300,20500,302200,100100,328500,0,2100,115500,23400,66600,597500,361400,153900,2605100,840200,19000,130700,364100,468600,416100,101300,1159700,26100,248400,116300,67500,35400,469000,1000,563300,167800,754800,1356000,1849100,42300,16800,0,115100,26700,900,2900,8200,114800,46300,393500,0,25900,47700,372700,662600,580200,378700,184800,205800,2100,804400,3103500,3400,313700,615300,346500,5000,138500,351400,124700,52000,3800,185400,556200,24500,1100,99500,263500,405800,56800,67200,549400,316300,194000,196800,0,20200,443100,1674700,182200,405900,128500,88000,6800,2500,573700
"2016-11-11",795900,170600,196100,702700,94500,100,10500,28600,827700,55700,63600,70600,321600,500,24800,96300,41200,12000,195700,49800,185000,112300,437600,1017100,213100,368400,71400,161900,1004600,2000,14000,594900,640900,616200,7000,124800,2150800,23000,14600,196600,158200,11300,23200,479500,270400,13300,1000,10100,4100,442500,11500,164000,428400,675000,82800,3800,85300,92100,481100,20900,14200,376200,12900,357100,0,205500,84200,167800,542600,47100,1500,200,566000,229500,63200,10600,226200,1222300,4800,24300,12400,29000,256100,795700,62400,617500,130800,284000,218400,496800,118600,594500,236500,300,246100,51800,823300,307700,56600,811100,294700,988300,6900,15600,108900,888900,225900,386000,139400,65300,422100,352500,408600,2600,0,143300,38000,83600,451200,326200,221000,1812800,700400,26400,228500,300400,1412800,425800,128700,1145100,32100,229100,154400,34200,57200,358700,1100,447300,86500,1117800,744400,1415100,67400,1700,500,78200,36200,2400,13200,5800,137700,57500,389000,0,8000,26800,480300,527100,475100,397200,241100,368900,2000,535700,992800,1700,262100,938600,311300,7100,116100,331900,156500,8300,11600,237000,387700,22200,2400,164800,153300,465400,130300,41500,755800,301900,401800,262300,1100,20000,634000,938500,136300,349900,137600,263000,6800,5600,962700
"2016-11-14",863800,149700,185200,443100,104100,0,20500,19600,571900,61200,35100,51500,574700,200,15000,96900,10700,7100,176600,31300,223900,997900,488600,433900,130800,436200,79300,137400,935000,0,25700,483100,509300,770300,8600,59200,1558900,4000,45900,143800,135500,20300,68100,779000,260000,5000,19900,44800,15100,766800,54900,138400,256000,634800,367400,3000,50200,46900,353200,7700,6400,598500,10500,438900,0,955300,46600,112600,365200,80600,2000,500,460000,187600,77500,6600,261700,615600,4500,69100,50900,4400,168500,573500,43200,391400,70600,178400,197700,369200,53600,649100,177900,1200,182800,23700,663300,181400,100800,688400,345300,832100,2700,18400,157000,821400,126100,425200,146000,24300,319800,242200,353500,6500,1100,104600,21500,125200,325300,219100,163700,1851800,564200,12100,113100,365200,633800,523000,159100,814700,29300,173100,87600,33400,38400,250800,1000,288500,128600,709800,1064200,1463400,75300,2000,0,98400,2000,18400,28400,3300,72800,50900,333400,300,4600,126900,428000,413200,589100,564500,157500,194700,1900,699000,899400,1300,270400,724300,241500,10600,82100,399200,144600,57800,10900,184300,364800,34900,15300,151900,644000,488800,53800,43400,635500,396000,233600,154700,600,42100,959700,691600,80200,268300,103100,76900,9200,8000,523400
"2016-11-15",576400,154000,188900,697700,123100,0,4900,13400,459900,81100,14000,35700,438600,1900,13400,54900,8200,5000,188800,18200,215000,415600,376600,346400,91800,278400,64200,40800,890600,7100,4800,345900,653100,342100,49800,37700,1748500,9000,60000,61400,142800,39900,98700,385100,456100,5600,11100,18900,8200,372500,48600,84400,211000,883300,116200,7100,48900,102100,293300,7400,1300,425400,30100,300100,0,304800,38600,188400,160000,40400,200,78800,316600,136100,13300,5200,164800,529600,53900,4400,42200,13900,146100,560300,44900,331900,53600,114300,44000,297800,11100,612100,179200,4300,458500,59600,599600,121400,50500,907700,178000,841500,6400,6800,117300,431000,150000,257600,117300,63900,375400,163300,255800,0,3200,152500,8900,36300,268600,287300,169700,1692600,528700,2700,79000,328100,456400,263500,208900,768100,16600,174400,96800,9200,17400,141000,3900,345900,54000,939000,811100,933800,18300,3000,40500,135800,48600,3700,48900,800,66000,27900,268100,1100,7700,47300,474900,479500,529700,262200,102000,177000,5900,408000,1243100,2000,196200,667800,124500,5900,35400,347500,108600,10600,18100,187100,566000,7400,7700,68400,50400,266600,53100,40400,472300,406200,164800,83800,500,12500,883500,572500,49400,199900,100300,65000,1700,12800,342700
"2016-11-16",435700,103900,98800,534700,121900,200,9400,35300,272400,48000,17300,27600,519300,0,6300,130600,4800,6300,138600,16100,323700,305800,442300,258400,82400,253500,40400,38000,492400,2000,170700,442600,434500,374900,36300,44400,1532600,12400,46800,63100,68800,7600,206800,264600,539000,0,66800,25600,25800,228500,35800,136200,182400,926700,90400,25700,38100,37000,317200,16000,5500,274300,14900,205700,0,452800,106200,65500,450000,22800,100,2400,164100,106600,21200,9000,156900,651800,210700,12100,44800,16000,216800,344600,22800,270100,145600,187900,61900,276500,23200,715200,109900,3400,380300,79900,318500,192900,21200,799400,203000,722900,7100,3300,66900,550500,86400,214100,101300,47300,354200,125700,141200,2100,700,108500,20800,35800,152700,324400,197000,1116900,671800,11400,61900,282200,412700,251500,134100,877900,15000,222700,68700,5400,16800,95200,400,352900,35100,511600,544200,1034000,15500,4000,8600,70700,39400,1400,22500,400,86600,29900,292500,0,6100,59000,157900,332700,152100,327200,143800,198800,2700,423300,1117100,600,95000,914400,120200,3800,59800,299000,94000,3600,14700,207300,467500,9300,6700,93300,97000,114600,25100,45000,474500,231800,167900,79600,10800,16000,277900,407500,138900,145500,63300,98100,5200,3400,328100
"2016-11-17",325900,132900,75200,450800,117100,1400,1200,21000,1148300,57200,14000,36900,392800,500,15900,106500,10300,1700,34000,16700,97800,467200,491600,182800,93100,371800,41300,58900,537800,8800,5400,136200,956800,513400,65500,34100,2157400,3700,22100,134000,70300,15700,314400,302400,246000,0,65200,17100,700,325300,52000,111400,219400,608200,120300,162600,27600,48300,196800,7600,400,523500,35600,236500,0,444100,63100,54200,163000,39300,300,4900,231500,85300,40200,1600,194900,631400,85000,13900,33300,6900,106900,315100,25000,197900,75700,135200,38500,341300,35600,728600,295300,12400,159600,41200,288800,124600,52900,575500,192200,906700,7700,16500,81900,511700,103500,336500,136600,80000,208900,110300,451000,700,2000,45400,23500,43200,152400,290600,237200,2089800,813200,7500,83200,576400,1024400,341800,112400,1261100,8800,391200,77600,5600,32900,118300,1300,399900,49300,630100,430500,660200,9300,300,50100,106700,38200,5200,7600,3200,59600,39600,243100,600,35500,90500,527100,288000,643800,196500,198600,135100,3700,637200,847000,0,257600,782900,195300,7000,47100,143100,84400,8600,6300,110400,352400,6200,1000,94400,69800,231100,20900,44000,692700,816600,182300,86300,75600,24200,270100,341600,84500,235400,112300,66900,2800,1700,355000
"2016-11-18",496000,99400,83500,454600,268000,0,2900,12400,539200,15700,26100,35800,406400,0,16700,73400,23200,14400,98600,15500,87200,419800,570500,787000,105500,423000,52000,68000,1023100,3900,20600,269400,535100,375300,34100,34200,1558900,4600,23000,175100,121000,15400,86700,290900,160300,18600,57900,12500,12700,359700,107400,154000,358600,496500,123900,35000,52200,55300,263100,10300,0,339700,11600,224300,0,177800,121100,42300,116800,18600,7500,600,340000,85100,22400,1300,209000,565000,13900,1500,34200,5200,141700,338400,32800,299300,118000,147100,65100,285300,25200,413500,286400,5800,191400,46700,239300,106000,38400,887200,179700,911100,0,16900,49600,794100,120900,295100,120100,124500,199700,59100,258400,300,7000,75400,12400,30100,230400,336700,253700,1914000,455700,21700,97300,283700,728300,344300,87900,730100,5300,222300,147500,27000,45100,141100,1300,613600,46300,384300,545500,753600,26500,1200,0,113600,40300,3200,54400,600,72400,57400,386700,0,12900,88900,280100,760600,270000,253600,108500,167900,200,529900,611700,1100,213700,559000,375200,19600,52700,141100,74000,3400,1300,94500,412200,10000,1500,86100,1940500,245000,32100,44900,569700,455800,286100,74400,8000,13700,367500,292800,77900,227400,75700,45400,9700,6200,463600
"2016-11-21",356700,105400,946600,388000,155200,300,6400,93400,10079000,17100,16800,15400,357700,0,5900,86900,9400,4100,127600,6900,352900,511100,623200,311300,74300,197100,120100,129300,296700,3600,10700,303700,400600,334700,48100,50400,1744200,23200,23700,83000,71300,4900,114400,265400,201600,7400,9600,15100,18900,301700,43300,80500,147400,368200,56300,71800,27400,26500,369400,9000,1000,415800,33700,137900,0,135700,49300,34900,67600,15800,600,59100,331100,82700,23400,5800,118100,486900,88600,12600,32800,7300,115500,322700,30100,191900,117400,166900,35700,375300,45400,659300,129600,10700,200100,40700,394600,84500,38000,568700,83500,529000,6600,10500,94900,525200,45700,218600,98900,43500,149200,65200,184700,9300,1600,83400,31400,31200,502400,254300,128600,1430100,471800,17100,66900,208900,344300,353100,172600,939700,16200,215200,53600,12200,16000,104600,6300,509600,75300,384800,500500,544200,122900,900,0,169400,5900,12600,16900,1400,57800,32500,148800,0,5000,58900,282200,367200,459800,181900,164700,151500,2400,521000,546300,800,147200,548700,148200,7800,42500,217000,52400,5100,9400,304300,573200,18400,5400,87700,380400,212100,25000,81100,440700,298600,147400,67800,46800,8100,413900,314700,66900,151400,113900,39600,1800,7300,357700
"2016-11-22",366400,90700,223300,373400,95500,800,12200,125300,3384200,55600,30500,21800,411800,3200,14800,93300,43400,6800,61900,24500,292200,1011700,417800,481500,83700,264600,138600,95500,437700,6800,6700,289700,323000,538500,196100,30100,1695900,7100,19700,72400,84000,13700,41200,227900,239000,11000,10600,52300,9200,599400,12700,101600,248400,337100,63800,125400,47600,53000,227600,21200,1500,480500,54900,225800,100,160300,162800,122400,75800,29400,4500,0,304100,159500,35500,10500,218400,755800,43000,43800,49000,7000,105000,260200,66300,286000,140200,212500,60900,197400,28100,641300,133000,17700,71300,24900,255000,148400,63900,982800,151900,575900,900,12500,37800,419300,78100,240500,114800,65700,266200,99200,298000,8500,5000,118500,17300,57000,536700,531000,194700,1552500,482800,9800,169500,405200,403100,301300,158600,889000,13200,133800,88000,33700,24100,87100,7600,460000,32100,443700,866300,1032300,16000,0,300,94900,17700,3000,11900,21000,135000,39500,357400,0,1700,65800,263600,368000,811100,277200,245100,94300,13200,410100,673600,1500,224900,717000,154900,16900,60400,115500,78200,27900,6600,192200,350600,20400,9600,63600,343900,224800,42200,94700,504500,218100,267000,38900,36400,8400,250300,435700,1e+05,179000,111900,41000,2300,2200,384000
"2016-11-23",203400,146500,271400,318000,106700,0,4000,21300,2494400,54200,17200,21300,254000,1900,39200,201100,8400,5900,84300,24400,140200,273100,223900,1161400,58700,234700,62500,85600,332800,3600,2000,177700,264900,515800,78300,36400,1235200,44100,22000,80300,51600,56100,111800,318900,354400,16400,5900,27200,39300,410900,46700,67900,207300,289100,37300,52400,20500,60800,280500,13000,1400,346700,5900,361700,0,92900,44100,77000,64400,12700,300,0,150800,90900,6700,600,241900,567400,11400,32200,42200,35700,81300,377700,52400,225600,157500,112200,41000,276100,9600,431200,71600,27800,150800,31200,335500,89300,29800,597700,102100,467800,5600,9700,32500,374900,65800,182900,80200,12800,221800,79500,250900,23300,1000,70900,26800,25100,195800,356900,167800,855400,549700,9000,541400,316200,538700,245200,132300,682900,28900,125200,74300,28800,16800,101400,14700,444500,67100,393300,728500,634700,17400,1700,900,56800,27300,12100,6300,3100,59800,26600,261700,0,5000,37100,369400,401800,984200,180200,177000,142800,10400,327200,828100,700,232200,501100,75000,16000,42700,233100,82100,6000,3900,99500,179300,6100,13500,71100,204700,241000,32800,21400,268900,244200,380400,54300,400,13000,152000,670300,59900,182800,59500,38500,6600,0,372900
"2016-11-25",73500,59500,75900,116500,82700,300,4000,16500,714400,16300,12300,6300,57500,500,6400,23300,4000,2300,31900,7700,97000,389100,165400,489900,14700,82900,20400,42400,130600,200,600,180200,100600,244900,12100,21800,954900,55200,33800,29300,24300,5500,65700,199400,120100,8500,300,23700,4700,160900,6400,61000,100700,158800,31800,40800,11100,10700,83900,5300,1300,87100,1300,197600,0,118600,24600,16800,37300,4900,0,1300,103000,53700,5700,8600,86400,272000,800,8400,7100,11700,39900,85000,15600,81800,59800,89100,22100,94800,12000,169100,59900,2800,135500,8200,41000,46000,19200,234900,60800,165500,3000,2300,6200,221900,20900,65200,49200,93400,73800,24000,67500,200,10200,30800,2100,1000,80500,121900,69200,164600,261800,3100,100900,364400,79900,116400,33400,266300,2900,81600,37700,62000,4700,51100,9800,485200,50300,229700,303900,286500,5600,5700,500,30000,15800,3900,9600,1000,29100,17900,100400,0,800,10600,974800,75400,297300,103900,53800,32400,6400,484000,425000,0,101800,159900,564000,5500,25200,63700,39900,2700,8500,25600,108200,1300,500,48300,158100,117500,27400,22500,131000,136800,126100,39500,3600,1900,69100,414800,34800,65300,49800,8500,3800,100,116800
"2016-11-28",162000,92800,228300,332700,100800,900,8500,71800,1523700,42600,9900,17400,306300,0,6000,54100,6300,4000,446400,13700,235500,159900,280400,414500,105500,549500,64300,41600,702800,22800,12200,350800,348600,260400,46100,26100,1021500,9400,76500,303300,53500,24300,952900,298400,174400,8400,300,94300,7200,309100,16600,84100,212800,311500,84400,57400,43900,34900,197200,15700,1200,239400,2300,260500,0,209900,50100,82000,34600,114700,36600,800,214700,147200,18400,1900,116200,341400,24600,24400,13200,3200,96400,244500,53100,294200,125000,119100,35700,216900,36800,225800,89900,2600,101400,44500,242100,176800,27000,573100,127000,570100,2800,9700,24100,367300,52900,157400,88900,97900,221400,50100,119200,3100,4400,95800,9400,38700,577000,223600,155900,719300,877000,4800,198200,470900,495100,621300,100700,576700,26200,112300,90900,47900,24600,118400,8300,255400,49500,701200,533300,603500,12000,3700,0,90600,29900,8600,3700,5300,82900,32200,213900,0,3100,78700,325900,189000,431600,169500,210100,76600,4400,1841100,354100,1100,231200,472900,167500,39000,55400,227900,75300,17100,3800,132300,273400,16500,0,74300,336900,148600,19500,49100,185900,296100,263100,39900,5800,15400,127500,632700,77300,191800,131800,30200,0,2000,280800
"2016-11-29",245500,144600,199700,412100,128400,200,8100,41600,1466700,39900,3600,12500,1729300,17400,19600,37400,24600,11500,250600,14100,204800,102700,475000,430000,88700,291000,56700,71000,679400,8000,42000,234000,305800,375900,138400,31500,870100,3700,42700,122000,42900,761000,192900,223700,416500,12600,3700,45100,11000,480700,10600,97800,240100,391300,40900,64400,28800,63900,208700,7100,3400,363100,7600,106400,0,149800,30100,78600,61600,4700,400,0,278200,144800,9700,2800,149200,666800,57800,35800,37100,7100,95600,349700,49600,426500,144300,106300,50200,185700,14200,288800,68000,2100,134300,43200,280200,105700,67300,717200,199900,757000,400,7500,59500,806800,109200,229600,135300,139900,351400,63200,198700,11200,3300,101200,17200,44400,256900,244800,203500,600400,948800,6000,74700,294400,367900,272700,185500,508100,89000,155200,237100,41700,11500,121700,17300,414500,85100,553600,618000,1106800,4000,4900,14400,163500,8700,5000,14700,5200,69100,24500,192700,0,6800,36200,163900,694100,332300,478000,79900,171400,8500,1415700,518100,1500,148900,740800,132600,38400,69400,347100,97700,5200,3600,137500,213800,22300,17700,258900,589000,177500,46200,41600,614600,248300,297700,79300,5600,36100,200300,602900,62900,163800,165100,38100,5500,1900,185200
"2016-11-30",1024000,57400,95600,438700,74000,1000,4400,50900,1504700,109700,8200,30300,1014700,600,14500,117800,13000,4200,424500,13600,298600,126200,375700,384000,71500,223800,19200,35200,596900,10900,31400,249800,369300,483300,54700,56600,1317900,6200,34600,58300,59700,65900,291800,393700,258300,7500,9800,58200,72200,280000,17000,89000,244700,313800,65700,40200,51000,106400,366000,29600,4300,297500,600,214000,0,153800,40900,32800,29400,20600,0,0,175300,204200,6600,4800,212900,329700,14300,225600,27100,5700,76900,469800,67400,531800,96700,143500,59100,161700,24700,589200,96100,5200,142400,102500,512500,166300,30300,812400,154400,645300,3400,16500,25500,664300,57700,245100,147000,66900,162100,71700,234300,11100,2300,88700,6600,58500,277700,200500,116100,1067400,1599500,5800,95600,295100,286000,434500,188500,430500,19200,247800,135100,16200,29200,63500,5400,467200,48100,601200,819000,504000,20000,9900,1100,78800,19400,600,12500,36000,57200,24100,243500,200,7000,40900,199600,638100,490100,249000,224500,149400,24900,809300,804900,2000,205600,645000,147300,10800,81700,413200,60200,4100,2600,89000,441100,17100,1100,176600,238800,273800,35300,35200,245300,245600,838500,49500,32700,14800,266900,431200,103300,150400,116400,31900,0,2800,293200
"2016-12-01",745700,59800,229600,472100,151600,1400,5700,42300,2561800,46800,18000,20000,419400,500,15400,258200,8200,4800,154500,18800,412100,187300,402800,697700,50700,340600,38300,62400,498800,2300,1500,390600,495300,577700,11500,25600,990600,12300,34400,147200,195900,127900,145300,350700,234600,8400,100,41400,7500,327100,19600,82600,256600,596800,90700,62200,32600,123400,711500,23100,11300,303100,11100,429900,0,133400,79300,62400,87300,23900,0,800,167100,204200,11300,700,192100,475400,17800,25600,42700,14600,114100,345700,28300,442800,109600,166000,70200,255100,18600,488800,78300,6300,212100,59000,410700,171400,42000,569600,219700,802400,2000,6000,90000,612900,45000,259700,176500,41700,179100,100400,268300,6000,200,143200,12000,77500,345500,262500,159100,1631900,1930000,7400,63600,276800,535700,294900,186600,904500,17200,131800,166500,16900,16800,61100,5400,721400,82300,521500,899400,1104100,10000,3000,5000,108000,7000,9500,6600,25700,77200,17600,210300,0,2400,60700,186400,431400,671800,279600,151200,213400,9200,668100,1137300,0,479900,584700,183000,9700,81000,208000,60800,1200,1300,127400,439600,8100,5000,92200,239900,295100,73000,46100,571200,237300,375100,90000,14200,24400,433800,531200,113100,405900,103400,27400,17500,800,313400
"2016-12-02",973500,245800,92500,373100,226200,10600,8200,21000,1464900,45700,9700,10300,346600,600,109600,135900,9300,2200,230600,45500,269800,92100,350900,736400,66700,147400,27800,22800,743600,4900,6000,361100,313200,681800,15700,21300,1673500,3300,4700,73300,71300,120400,170800,155700,322700,4100,2700,38500,69500,500700,12200,37400,182100,270300,40900,57100,24400,28900,383200,11900,20500,264300,9200,345000,0,107300,46200,24400,54900,7000,500,2700,70600,153700,12900,4700,136100,510600,21800,24600,34200,5700,59000,309600,22200,301400,71900,123500,53500,199000,18600,343900,78200,6600,154600,33500,179100,114900,23300,477100,83900,297800,6400,5800,24200,694100,45900,163300,74500,57400,113200,50800,240000,2900,3900,104500,5600,54300,373000,209400,103400,599800,570200,3000,37600,325500,272500,263300,142500,515700,10500,112700,664000,3900,14300,55300,1400,347800,43600,310300,463200,567300,7900,600,2100,102700,17900,8500,0,2100,240500,12000,166500,0,0,19200,132700,359500,318500,494300,59600,153900,6400,585300,1003800,2700,149900,622200,124100,2300,84300,159900,65600,5800,0,58500,218100,7000,9100,55300,245900,93800,54500,22000,339300,285700,260400,45300,32500,12600,240300,333400,1855200,199300,65200,19800,9100,0,2830900
"2016-12-05",694600,74800,156700,579800,87300,900,7000,13400,792900,28800,18800,23200,817200,1000,7200,74100,15200,3700,130700,32500,199800,166400,271100,422000,69500,142400,44300,84300,662700,3100,7200,279700,219900,297800,28400,31200,2464200,6200,25200,72000,54500,147100,127000,213100,254700,10000,2400,49200,2500,780200,13700,78500,135300,510600,201000,31800,37100,56500,441500,10600,7500,339600,29000,301600,0,90400,38200,79200,35600,13100,0,204100,125300,89900,12900,8800,205600,442700,66700,21600,53100,27900,157600,305400,62800,256900,83300,138600,160000,251900,73000,230100,4000100,21900,383500,54500,272400,157700,62100,807000,105800,432300,1300,9100,182600,439500,71200,217600,106700,56800,284300,49700,308200,6900,9000,63500,56000,57900,327300,330800,157600,546500,559700,10000,58700,221100,331000,388100,129000,563100,11700,105700,326500,27100,31500,87000,2800,289900,50200,339000,566900,718900,8700,3700,1400,105600,4100,381900,2900,2400,96800,18400,203900,0,10100,40300,196100,646300,726300,211500,147900,166000,8200,530100,1007200,6200,136400,423600,233900,26500,73500,196900,66000,4900,18800,211100,291500,21400,1700,57600,222400,154900,45800,52900,512700,153500,184200,39000,8300,38600,201500,418900,880100,227400,78700,79900,9200,4400,1515300
"2016-12-06",445500,38700,200400,394100,112900,2100,5300,10000,700600,69900,17600,44500,482700,1400,64500,119900,14400,2300,240500,25000,90300,105700,288700,481300,94700,207900,29100,51600,399100,11400,15500,359900,268200,239400,19800,22100,987200,14400,34500,32700,44600,113000,250800,223500,170900,9000,9100,45000,33400,2381500,19300,64200,155900,689600,70700,45800,42000,102100,408000,3200,11600,309500,71000,234300,200,246300,48100,85100,53000,25400,6000,27400,168700,82300,10700,1600,102700,397400,79600,27300,33200,24200,117000,421600,39100,278600,63100,151700,121900,187800,24600,247500,1064300,9900,70600,142800,350700,278600,124700,967500,105900,640200,200,11100,47700,463600,108300,247900,55500,320000,343900,55800,223600,11400,11700,72200,47500,23200,269400,207100,162400,584400,506100,10000,68000,175000,363300,419200,219600,580000,26500,113300,93700,20300,20800,76700,600,299500,46900,377000,445600,1291900,356600,2200,900,103000,10000,18400,13500,4500,81500,29100,276100,0,18600,42900,171100,355200,547600,331100,171900,133900,9200,411300,1007100,13100,124100,557300,267500,6200,112400,168900,83200,17600,10300,237900,265000,5500,2300,58800,287000,167600,51500,15000,273600,183400,103800,53100,7000,64200,292800,411500,309400,298200,73300,63500,2200,200,868600
"2016-12-07",511700,68200,234400,526700,72500,11400,5700,19100,1043200,439800,13200,32500,412500,100,19400,68700,7200,4100,184500,39300,141000,124600,348700,330400,82100,242900,44300,45300,346000,20900,38600,245200,196300,325800,18000,23900,1560900,3100,13400,158000,76300,303500,91000,250400,203800,8500,7800,36500,8100,1380200,32800,93400,178900,320700,55300,30400,61000,168800,278500,2500,15600,132900,35200,278800,0,131700,45400,48700,56600,52300,0,597200,137600,101700,17900,7800,120600,624800,117900,19200,36300,29300,99200,362300,52100,227700,96900,105900,81700,225400,80700,166300,771800,13800,79400,42200,537100,214700,56500,875300,97600,478900,9800,10500,33600,562600,80000,288800,90100,389400,269200,67700,379800,1500,32100,55200,34400,45300,351900,168800,97800,1194200,638900,8900,85000,298600,280300,338200,155200,422500,11100,125100,81100,26400,21000,108700,2600,333200,59800,339700,1353900,923700,21200,1800,5100,84300,23900,7200,9300,2400,89200,25900,221600,0,1400,54100,168000,1504400,374800,265500,168200,107500,13400,1109000,760300,4600,145900,391500,7412700,5000,143900,139500,106100,1400,25300,197100,308500,4500,16200,39300,201900,150600,76300,12500,444300,162300,141600,80800,1200,72100,196800,364300,287600,254100,82700,90300,1100,9200,974400
"2016-12-08",424200,94300,276300,539100,1029000,3200,12900,30800,1209500,118100,24300,38100,416700,2300,77700,70700,17000,3400,345200,21000,195800,126100,534300,2623700,101400,251900,46700,67200,751100,10500,4900,308500,292200,218200,192400,45500,806400,11000,30200,113100,90700,343600,86600,242000,173800,20500,2500,43700,12500,1003800,36700,128300,221300,433000,95300,104300,76800,109900,319400,17100,3000,198800,47400,259200,1900,99100,52400,64800,36800,48600,0,0,268900,134800,14000,16300,151100,757700,532900,27000,47300,28300,146200,654400,53900,390600,86600,135000,148800,356700,27700,355200,752600,9500,272000,62900,266900,186100,32800,882800,154900,725500,7500,10400,56800,522600,113000,493000,113200,125100,358600,104800,539000,4500,5600,77200,15500,188900,306400,226700,125700,805400,431500,10200,114000,347800,198900,475700,194700,864500,20200,226900,111800,63500,107100,65400,700,410500,102500,501500,2679200,1493500,16400,1600,1400,53400,17200,7900,8600,4500,118800,39100,208600,0,1200,27900,249800,572500,357800,348400,145100,100300,11200,1039300,710100,4200,141400,609000,1794100,3600,138000,134800,120000,8900,9800,135900,291500,10600,13800,90000,199900,343000,71600,41300,314600,219400,149300,77800,7600,21700,260100,375000,484200,211400,77900,73900,8100,5400,534800
"2016-12-09",335500,83700,202600,408100,459100,10300,20900,23300,1732500,68000,22500,41000,432600,7300,92200,57700,15600,5000,626600,15300,260800,77100,298100,3588300,88700,159600,91500,48800,550600,1800,14300,471300,239600,178300,51700,153800,1183200,24400,28000,74600,77700,279300,415500,212500,311300,11300,1400,67500,12900,1374900,41500,86900,139100,326400,86500,24500,63700,77800,183500,9200,4200,634000,16400,215000,0,74400,27900,35000,32300,10700,0,100,254000,98700,24000,9800,238400,338400,60100,21500,46900,18200,134600,618700,64700,261400,87700,179100,91000,208000,17600,373100,999300,14600,447900,32300,227700,155300,28200,830300,178100,615900,23100,9300,71600,1175100,108400,281600,96400,45700,331000,59000,509200,36900,5500,93600,19200,190500,158000,359300,106900,384900,385700,11700,104100,190200,547900,656400,212200,401400,23800,220600,79400,91800,61700,74000,2100,464300,63500,845000,1061400,1026700,14300,12900,0,94300,13100,6700,17900,1000,162300,34100,244300,0,1800,26800,183400,522600,698100,310400,135800,236300,900,704400,297100,5800,148400,535500,605900,6500,96900,212500,78800,45800,5800,195100,242700,7900,7300,84600,114300,197900,58200,28500,329300,205600,495000,91000,3800,26200,301500,391800,616100,511800,82300,77400,5200,13300,489800
"2016-12-12",819400,106000,206200,342800,336000,17200,3700,8400,1713200,48700,17300,31500,797800,0,19300,100900,6200,4300,90000,3300,183600,16800,170400,936300,99900,253400,134100,29600,479200,3500,10900,617000,284200,711600,21800,11000,1960900,8300,31300,172800,102100,78200,26700,94300,60600,7800,4600,54200,12600,701000,46700,76500,185100,433100,67300,25500,56300,129300,258900,96800,0,419600,64400,103400,500,96700,39000,31200,15500,18800,100,10300,136000,104900,28400,8100,239500,919700,89900,12900,34800,7600,118400,1158600,75400,223700,67000,125900,109200,193600,19100,162700,476700,25700,396500,44600,179500,113500,51000,841600,159400,517000,8600,4900,79900,497300,91300,319600,77900,31400,209500,78400,411400,1500,7800,200200,23600,50000,331800,185500,94600,782300,823100,11300,106600,365800,348400,350300,309800,425000,16700,230400,70800,6700,18700,92700,1400,684500,27200,898600,1046500,1147600,6300,2700,0,162300,17400,500,8600,11600,90800,21600,303800,800,10600,29300,180300,649300,508000,492900,39200,155400,3800,511200,382700,3400,98100,424800,812100,22400,109000,190800,35300,15300,9500,183300,133000,3800,9100,95600,377000,101700,85500,44300,422700,273900,241900,90600,23000,9200,240900,368100,280100,193900,70900,76300,3200,10300,366000
